用户编号,用户名,用户等级,是否存在
1,bishi,4,用户存在
2,碧诗,6,用户存在
3,囧囧倉,5,用户存在
4,枢木朱雀,5,用户存在
5,幻想乡,6,用户存在
6,腹黑君,5,用户存在
7,Tzwcard,5,用户存在
8,Lizeqiangds,5,用户存在
9,柴刀娘木木,6,用户存在
10,橙卡-bydmm,6,用户存在
11,春哥,2,用户存在
12,MagicBear,6,用户存在
13,五月天,6,用户存在
14,初音ミク,4,用户存在
15,三分之一劫,3,用户存在
16,荼荼丸,6,用户存在
17,WEIghtness,6,用户存在
18,暁の赤月,5,用户存在
19,大大大罐头,6,用户存在
20,恶魔晓月曲,6,用户存在
21,,,用户已注销
22,,,用户已注销
23,,,用户已注销
24,不思議,6,用户存在
25,忙碌的呆瓜,4,用户存在
26,En1ightened,5,用户存在
27,feng,2,用户存在
28,IamLogos,3,用户存在
29,管理員,3,用户存在
30,堆堆堆堆堆堆堆堆堆堆,5,用户存在
31,習子,4,用户存在
32,一条黑黑,6,用户存在
33,番茄,4,用户存在
34,右肩の蝶,4,用户存在
35,愛在二次元,6,用户存在
36,芙兰朵露斯卡雷特,2,用户存在
37,折射,6,用户存在
38,玛奇玛,6,用户存在
39,胡桃,4,用户存在
40,美丽生活观察员,3,用户存在
41,不祥之赵,5,用户存在
42,超氪金月饼,4,用户存在
43,绞水,5,用户存在
44,MissuQWQ,5,用户存在
45,宠物店女孩,3,用户存在
46,藤原妹红,5,用户存在
47,homil,6,用户存在
48,钦崽,2,用户存在
49,家具屋,2,用户存在
50,風見幽香,3,用户存在
51,PAD长的小刀,5,用户存在
52,RinNe,5,用户存在
53,铃仙_,1,用户存在
54,菜刀武士,4,用户存在
55,普拉切特,5,用户存在
56,雷小囧,5,用户存在
57,幕后Muhou_net,3,用户存在
58,满座衣冠皆老朽,4,用户存在
59,sihua-w,3,用户存在
60,钉宫理惠,5,用户存在
61,时雨kana,5,用户存在
62,normguy,4,用户存在
63,法国元帅贝尔纳多特,5,用户存在
64,***,5,用户存在
65,琪露诺,6,用户存在
66,IZONE我的世界我的光,4,用户存在
67,亜理须,3,用户存在
68,安心作梦,6,用户存在
69,是我阿崔,4,用户存在
70,伊拉龙,5,用户存在
71,時間の旅人,6,用户存在
72,岑,1,用户存在
73,wei1kuan2b,2,用户存在
74,魂魄妖奕,5,用户存在
75,丸子,6,用户存在
76,高桥凉介,5,用户存在
77,PAD,5,用户存在
78,雾雨魔理沙,2,用户存在
79,saber酱,6,用户存在
80,囧.史密斯,5,用户存在
81,Cyberdreams,5,用户存在
82,梦游一生,3,用户存在
83,妹樣,2,用户存在
84,jianjss,5,用户存在
85,kikb,5,用户存在
86,油条のetsp,6,用户存在
87,一个普通中年人,6,用户存在
88,监督,2,用户存在
89,水银灯の忧郁,4,用户存在
90,此號出售,3,用户存在
91,万能貳濕仁波不切,5,用户存在
92,kaze,1,用户存在
93,病院坂琉璃,6,用户存在
94,NEKO-MIMI,6,用户存在
95,小狗,5,用户存在
96,辛德瑞拉,5,用户存在
97,投影消逝中,6,用户存在
98,黑暗新星,5,用户存在
99,园长豆豆,5,用户存在
100,安迪日宫,4,用户存在
101,不舍一切有情,6,用户存在
102,工藤新一,6,用户存在
103,捌玖君,3,用户存在
104,悲剧虎,5,用户存在
105,树叶渡江,3,用户存在
106,四宫辉夜,5,用户存在
107,鹅厂,4,用户存在
108,7achibana,6,用户存在
109,hank,6,用户存在
110,正版公安民警,4,用户存在
111,霸道总裁的绝世小受,5,用户存在
112,曾伽,6,用户存在
113,Mai-k,5,用户存在
114,水水,6,用户存在
115,Tr.,6,用户存在
116,ひろすえ涼子,5,用户存在
117,孤独求败,2,用户存在
118,asura,5,用户存在
119,狂气的芙兰,6,用户存在
120,AJYQZM,4,用户存在
121,風紀子,2,用户存在
122,鸽鸽汁,5,用户存在
123,莫眠俱乐部,3,用户存在
124,ImLogos,4,用户存在
125,黑暗有光,2,用户存在
126,PandeaWork,6,用户存在
127,shmily,5,用户存在
128,飛走dē緈輻,5,用户存在
129,pac,6,用户存在
130,bambool,5,用户存在
131,音無薫,5,用户存在
132,,,用户已注销
133,越宅越健康,4,用户存在
134,1怪物1,5,用户存在
135,伊吹西瓜_,5,用户存在
136,外媒,6,用户存在
137,泥棒,5,用户存在
138,Cityhunter,4,用户存在
139,山德士的诅咒,6,用户存在
140,peshing,5,用户存在
141,柒柒,1,用户存在
142,河蟹股份有限公司,1,用户存在
143,南斗马春花,6,用户存在
144,⑨,5,用户存在
145,坏人蛋,4,用户存在
146,吃手指的葱h,5,用户存在
147,克洛塞斯,6,用户存在
148,uid_148,2,用户存在
149,菲娜哈特曼,5,用户存在
150,so,2,用户存在
151,小熊,5,用户存在
152,日山晴萃,6,用户存在
153,某一,6,用户存在
154,悠悠,1,用户存在
155,紫血崎,5,用户存在
156,Zombie,1,用户存在
157,路过的人称路人,6,用户存在
158,伊吹⑨萃香,5,用户存在
159,黄泉之水,6,用户存在
160,博丽灵梦,6,用户存在
161,此处青空,2,用户存在
162,寂寞寂静岭,1,用户存在
163,gaomutian,6,用户存在
164,绫波丽,2,用户存在
165,长门有希,5,用户存在
166,古赫,6,用户存在
167,雾雨魔理沙_,1,用户存在
168,海马,5,用户存在
169,碇真嗣,2,用户存在
170,71827,6,用户存在
171,灵乌路空,2,用户存在
172,神尾观铃,2,用户存在
173,莉露兜,5,用户存在
174,女友成堆,3,用户存在
175,谁家的胖贝贝,5,用户存在
176,无核,6,用户存在
177,Ekusiad,5,用户存在
178,逆天之龙,5,用户存在
179,琪露诺_,5,用户存在
180,Eougen,5,用户存在
181,崩坏の世,5,用户存在
182,蒲妮惠,5,用户存在
183,SLPFRT,4,用户存在
184,风颜枫雨,6,用户存在
185,蓝莓,4,用户存在
186,馬鹿9,4,用户存在
187,猎手,6,用户存在
188,微博无敌,6,用户存在
189,彭薅仁,6,用户存在
190,狐狸,3,用户存在
191,驱逐雪风,6,用户存在
192,战场原黑仪,3,用户存在
193,fooou,2,用户存在
194,亞白ミナ,4,用户存在
195,衤叉衤叉,4,用户存在
196,间岛淳司,6,用户存在
197,上甘玲Official,6,用户存在
198,看到这个网站我心神不宁,1,用户存在
199,香霖test,2,用户存在
200,回音山,4,用户存在
201,圈圈圈圈九MKII,5,用户存在
202,ACFUN,2,用户存在
203,,,用户已注销
204,伊吹萃香,6,用户存在
205,二階堂サキ,5,用户存在
206,南海八爪鱼,5,用户存在
207,某喵,6,用户存在
208,哔-,2,用户存在
209,DepXe,4,用户存在
210,四处闲逛的黑猫,1,用户存在
211,寒蝉,6,用户存在
212,Akatsuki_Satoru,5,用户存在
213,泪目了,1,用户存在
214,AcFun_,2,用户存在
215,孤独灿烂的神z,3,用户存在
216,中年婦女之友,5,用户存在
217,TKHS,5,用户存在
218,遠山遙,5,用户存在
219,我是弱气受,1,用户存在
220,比灰更灰,5,用户存在
221,哔-哔-哔-哔-哔-,3,用户存在
222,虞鸮,5,用户存在
223,小乔流水人家,5,用户存在
224,相会在宇宙,5,用户存在
225,四次君,2,用户存在
226,死鸟,4,用户存在
227,LV包,1,用户存在
228,轻音部,1,用户存在
229,Sad_Panda,5,用户存在
230,葉月しずく,6,用户存在
231,小隐,3,用户存在
232,一九桑,5,用户存在
233,恺朔,5,用户存在
234,Bili_234,1,用户存在
235,魔理沙,1,用户存在
236,蓬莱山辉夜,6,用户存在
237,没有特斯拉,2,用户存在
238,ljl2952655,5,用户存在
239,古手梨花,5,用户存在
240,流浪De囧囧,3,用户存在
241,暗林,6,用户存在
242,茶,6,用户存在
243,GOKURAKU,6,用户存在
244,翠星石,6,用户存在
245,稀土部队兵,2,用户存在
246,gchxp,5,用户存在
247,Daddy兔,4,用户存在
248,雪代すずの,6,用户存在
249,真无翼天使,6,用户存在
250,farisnyannyan,4,用户存在
251,kasim,1,用户存在
252,鞭笞者克尔苏,3,用户存在
253,MOE啾,1,用户存在
254,焼きだんご,4,用户存在
255,路人甲,5,用户存在
256,推到魔理沙,4,用户存在
257,星界p,6,用户存在
258,東方爺們鄉,2,用户存在
259,家有黑喵的雨,5,用户存在
260,netlater,5,用户存在
261,四十七,5,用户存在
262,ChaosLee,4,用户存在
263,千草樱,1,用户存在
264,大姨妈中,3,用户存在
265,深夢,4,用户存在
266,ac大姨妈,2,用户存在
267,bili_267,5,用户存在
268,Rahshcnail,6,用户存在
269,翟南,2,用户存在
270,衰落,4,用户存在
271,loosey,5,用户存在
272,睚眦,3,用户存在
273,苍火黑白Channel,6,用户存在
274,ccred,1,用户存在
275,Dcore,5,用户存在
276,卡仕柏·海克梅迪亚,6,用户存在
277,桜雨キリヱ,6,用户存在
278,bili_278,5,用户存在
279,华尔兹,6,用户存在
280,黑之契约者,1,用户存在
281,博麗靈夢,6,用户存在
282,善恶的彼端,5,用户存在
283,青子一生推,4,用户存在
284,奥术飞弹雕文,1,用户存在
285,wingzero,5,用户存在
286,中野梓,5,用户存在
287,SXDHK,6,用户存在
288,悲鸣者,2,用户存在
289,悠久之里,6,用户存在
290,清音,2,用户存在
291,电鳗娘,1,用户存在
292,GaleX,1,用户存在
293,菲林,6,用户存在
294,诺诺莉莉,4,用户存在
295,Nc32,5,用户存在
296,湊メメメ,2,用户存在
297,情书可曾可书情,2,用户存在
298,Tsubasa阿翼,4,用户存在
299,鬼畜亿千万,3,用户存在
300,园长柯基,3,用户存在
301,流冥,5,用户存在
302,早期测试账号,5,用户存在
303,三吉鬼,4,用户存在
304,滅,5,用户存在
305,寂寞娘,3,用户存在
306,11,5,用户存在
307,苍紫,5,用户存在
308,不安之风,2,用户存在
309,jiee,2,用户存在
310,爱生活爱百合,6,用户存在
311,忘却の旋律,6,用户存在
312,IamR,5,用户存在
313,bili_313,3,用户存在
314,食运工口魔,1,用户存在
315,6wingangel,4,用户存在
316,終音ヨル,1,用户存在
317,やばいですね,6,用户存在
318,喵喵咪,5,用户存在
319,V爺,5,用户存在
320,黑耀石,5,用户存在
321,你永远不会变,4,用户存在
322,bili_322,5,用户存在
323,statics,5,用户存在
324,废墟,1,用户存在
325,北上双葉,5,用户存在
326,伪娘的爱人,5,用户存在
327,新华里艳舞员,6,用户存在
328,id328,5,用户存在
329,五代,6,用户存在
330,櫻乃風,6,用户存在
331,水如影,5,用户存在
332,F,5,用户存在
333,香風玉青,5,用户存在
334,影子猫,5,用户存在
335,彼岸,5,用户存在
336,杨帆,6,用户存在
337,Aqua,2,用户存在
338,你妹,5,用户存在
339,blun0321,4,用户存在
340,淚時雨,5,用户存在
341,八云紫,5,用户存在
342,紧到睡不醒,6,用户存在
343,格蕾希尔,5,用户存在
344,KDConan,5,用户存在
345,いたずらしじゃうう,6,用户存在
346,夜夜月圆圆,5,用户存在
347,活尸化酸奶,4,用户存在
348,挖坟挖坟挖,6,用户存在
349,传说中的懒人,6,用户存在
350,Kresnik_Mk-XII,5,用户存在
351,bernkastel,5,用户存在
352,DNA,6,用户存在
353,hare,3,用户存在
354,ZUN,3,用户存在
355,wangchao,5,用户存在
356,西行寺-幽幽子,5,用户存在
357,赤色孤狼Miruacle-,6,用户存在
358,欺诈师の微笑,1,用户存在
359,睡懶覺的小貓,4,用户存在
360,34789,5,用户存在
361,GP—01,5,用户存在
362,蒜蓉大蚝,6,用户存在
363,室长,6,用户存在
364,菲社长,5,用户存在
365,邪恶的半自动洗衣粉,5,用户存在
366,我爱罗,5,用户存在
367,blankaesop,3,用户存在
368,天朝绿坝娘,3,用户存在
369,福耳,5,用户存在
370,Uee,5,用户存在
371,堀葉,4,用户存在
372,IBN5100,5,用户存在
373,hatsune,1,用户存在
374,三菜一汤,3,用户存在
375,普拉斯卡特,5,用户存在
376,TDG四次君,1,用户存在
377,AcFun活动,4,用户存在
378,naggerok,5,用户存在
379,masaki,4,用户存在
380,newround,6,用户存在
381,peps,6,用户存在
382,killbeliar,5,用户存在
383,gogo果酱,5,用户存在
384,BeinL,2,用户存在
385,CarlJohnson,5,用户存在
386,某七,5,用户存在
387,謃詑,5,用户存在
388,深白色の愛,5,用户存在
389,野中萌好蓝,6,用户存在
390,Alice丶洛,1,用户存在
391,若水恨水,6,用户存在
392,面条,6,用户存在
393,sinqi,4,用户存在
394,茄子零,5,用户存在
395,温迪妮,6,用户存在
396,躺尸多年账号,3,用户存在
397,acianolc,5,用户存在
398,囧神star,6,用户存在
399,orz,5,用户存在
400,霊乌路空,5,用户存在
401,约修亚,5,用户存在
402,泷arisa,6,用户存在
403,連鎖,6,用户存在
404,BlackTeaice,5,用户存在
405,西行妖,4,用户存在
406,铁乌鸦,5,用户存在
407,デジコ,5,用户存在
408,谷川空老师,5,用户存在
409,拙者,6,用户存在
410,糸色望,1,用户存在
411,小白,1,用户存在
412,爱丽丝莉莉姆,6,用户存在
413,达达,5,用户存在
414,jackyhuang,6,用户存在
415,燃尽の祭司,6,用户存在
416,Oblivion,6,用户存在
417,星屑MKIII,5,用户存在
418,凉风,2,用户存在
419,树海,4,用户存在
420,东方症候群,5,用户存在
421,美纱,4,用户存在
422,TDGUP主,1,用户存在
423,sola,5,用户存在
424,吹喜,5,用户存在
425,KILLER,2,用户存在
426,藤__夏樹,5,用户存在
427,没名字,5,用户存在
428,芙芙炭,5,用户存在
429,紳士提督firecat,6,用户存在
430,十凌十,4,用户存在
431,米米,4,用户存在
432,Death,1,用户存在
433,借落子_,5,用户存在
434,雨時々微熱,1,用户存在
435,不是游客,5,用户存在
436,海星参上,6,用户存在
437,藍藍路食品有限公司,5,用户存在
438,閃電華爾滋,5,用户存在
439,loves7,5,用户存在
440,凌十陵,5,用户存在
441,二弍贰两,5,用户存在
442,夏娜,6,用户存在
443,Bili_443,3,用户存在
444,独角兽,3,用户存在
445,花花,5,用户存在
446,TEMP,3,用户存在
447,大鸟Birdy,3,用户存在
448,守矢神奈子,5,用户存在
449,我这个名字6硬币,4,用户存在
450,Red_450,6,用户存在
451,諫山黃泉,5,用户存在
452,FH,1,用户存在
453,saber,6,用户存在
454,不及格大法师,5,用户存在
455,老素机,3,用户存在
456,淡淡的便意,5,用户存在
457,叉腰肌KMGmai,6,用户存在
458,红法师,5,用户存在
459,萝卜,1,用户存在
460,露西法,5,用户存在
461,灞波儿奔波尔灞,4,用户存在
462,我是来围观的,4,用户存在
463,綠藥貓Eisuke,5,用户存在
464,青年小伙子之青年,5,用户存在
465,委琐塑料,5,用户存在
466,shiftzhm,5,用户存在
467,OZ.,6,用户存在
468,噩梦,1,用户存在
469,WindForce,2,用户存在
470,Careless,6,用户存在
471,saya,0,用户存在
472,stormcy,5,用户存在
473,梅粮新,6,用户存在
474,min姬,3,用户存在
475,伊原六花,6,用户存在
476,吃我大X棒啦,5,用户存在
477,博雅灵梦,5,用户存在
478,SOSG废铁,2,用户存在
479,破风吟者,5,用户存在
480,Bili_480,4,用户存在
481,bili_481,4,用户存在
482,掠影,6,用户存在
483,ポケモン,1,用户存在
484,DPS比治疗低,5,用户存在
485,八云,6,用户存在
486,幻想乡之王,1,用户存在
487,呀达,1,用户存在
488,青鸡丝干,4,用户存在
489,冰水,4,用户存在
490,linchen,5,用户存在
491,失利,4,用户存在
492,ANA,3,用户存在
493,迪卢木多·奥迪那,5,用户存在
494,ark,6,用户存在
495,剑归,4,用户存在
496,风干的香蕉,1,用户存在
497,瓦达瑞泰,5,用户存在
498,我什么都不知道,5,用户存在
499,boom,5,用户存在
500,Kashin,5,用户存在
